{"loss":{"0":0.0221139379,"1":0.0084823901,"2":0.0065590409,"3":0.0069420757,"4":0.006262992,"5":0.0066638896,"6":0.0073905555,"7":0.0057964888,"8":0.0059136283,"9":0.0062413658,"10":0.005995749,"11":0.0058802632,"12":0.005657204,"13":0.0056441119,"14":0.0053145564,"15":0.0051537342,"16":0.0052255001,"17":0.0052430108,"18":0.0055687698,"19":0.0047446154,"20":0.0053996225,"21":0.0050169071,"22":0.0053982944,"23":0.0043240022,"24":0.0046777073,"25":0.0043160571,"26":0.0040353932,"27":0.0042138584,"28":0.0039062069,"29":0.0037326952,"30":0.0036970198,"31":0.0037049735,"32":0.0034316941,"33":0.0034273232,"34":0.0034549732,"35":0.003451929,"36":0.0035407741,"37":0.0035310336,"38":0.0033366838,"39":0.0031970262,"40":0.0034649479,"41":0.0034417454,"42":0.0034372278,"43":0.0035790578,"44":0.0034654487,"45":0.0036465963,"46":0.0034611647,"47":0.0033384997,"48":0.0034543197,"49":0.0032481644,"50":0.0038097699,"51":0.0034019896,"52":0.0031894019,"53":0.0030919011,"54":0.0033155875},"val_loss":{"0":0.0095672347,"1":0.0050585666,"2":0.0031380495,"3":0.0046715597,"4":0.0021576448,"5":0.0777806938,"6":0.0023821562,"7":0.0034736344,"8":0.0029969735,"9":0.0040660296,"10":0.0018477482,"11":0.0027835094,"12":0.0016857669,"13":0.0014804277,"14":0.0015549653,"15":0.0033191487,"16":0.0017208193,"17":0.0020613412,"18":0.0029107935,"19":0.0013228346,"20":0.0019174599,"21":0.0016140214,"22":0.0015888599,"23":0.001430767,"24":0.0024913789,"25":0.001785549,"26":0.0013874045,"27":0.001344932,"28":0.0015721413,"29":0.0012552846,"30":0.0013263861,"31":0.0013277422,"32":0.0012621249,"33":0.001248426,"34":0.0012599076,"35":0.0012867862,"36":0.0012476601,"37":0.0012500888,"38":0.0012614112,"39":0.0012692327,"40":0.0012528311,"41":0.0012490982,"42":0.00125003,"43":0.0012479246,"44":0.0012464958,"45":0.001252522,"46":0.0012474317,"47":0.0012528388,"48":0.0012468079,"49":0.0012500491,"50":0.0012469031,"51":0.0012495838,"52":0.0012698011,"53":0.0012515209,"54":0.0012470455},"lr":{"0":0.0199999996,"1":0.0199999996,"2":0.0199999996,"3":0.0199999996,"4":0.0199999996,"5":0.0199999996,"6":0.0199999996,"7":0.0199999996,"8":0.0099999998,"9":0.0099999998,"10":0.0099999998,"11":0.0099999998,"12":0.0099999998,"13":0.0099999998,"14":0.0099999998,"15":0.0099999998,"16":0.0099999998,"17":0.0049999999,"18":0.0049999999,"19":0.0049999999,"20":0.0049999999,"21":0.0049999999,"22":0.0049999999,"23":0.0024999999,"24":0.0024999999,"25":0.0024999999,"26":0.00125,"27":0.00125,"28":0.00125,"29":0.000625,"30":0.000625,"31":0.000625,"32":0.0003125,"33":0.0003125,"34":0.0003125,"35":0.00015625,"36":0.00015625,"37":0.00015625,"38":0.000078125,"39":0.000078125,"40":0.000078125,"41":0.0000390625,"42":0.0000390625,"43":0.0000390625,"44":0.0000195312,"45":0.0000195312,"46":0.0000195312,"47":0.0000097656,"48":0.0000097656,"49":0.0000097656,"50":0.0000048828,"51":0.0000048828,"52":0.0000048828,"53":0.0000024414,"54":0.0000024414}}